"# of Use","# ä½¿ç”¨"
"%1$s incl tax.","%1$s å?«ç¨Žã€‚"
"%s - %s","%s - %s"
"%s Item(s)","%s ä¸ªé¡¹ç›®"
"%s and above","%s å?Šä»¥ä¸Š"
"%s-%s of %s","%s-%s / %s"
"(%d)","(%d)"
"(Copy data from: %s)","ï¼ˆå¤?åˆ¶æ•°æ?®è‡ªï¼š%sï¼‰"
"* Required Fields","*å¿…è¦?å­—æ®µ"
"-- Please Select --","-- è¯·é€‰æ‹© --"
"86400 by default, if not set. To refresh instantly, Clear the Blocks HTML Output Cache.","å¦‚æžœæ²¡æœ‰è®¾ç½®ï¼Œåˆ™é»˜è®¤å€¼ä¸º 86400ã€‚è¦?ç«‹å?³åˆ·æ–°ï¼Œè¯·æ¸…ç©ºå?—çŠ¶ HTML è¾“å‡ºç¼“å­˜ã€‚"
"<strong style=""color:red"">Warning!</strong> Applying MAP by default will hide all product prices on the frontend.","<strong style=""color:red"">è­¦å‘Šï¼?</strong> é»˜è®¤åº”ç”¨ MAP å°†åœ¨å‰?ç«¯éš?è—?æ‰€æœ‰äº§å“?çš„ä»·æ ¼ã€‚"
"A group with the same name already exists.","ä»¥å?Œæ ·å??ç§°å‘½å??çš„ç¾¤ç»„å·²å­˜åœ¨ã€‚"
"A name is required","éœ€è¦?è®¾ç½®å??ç§°"
"A product type is not defined for the indexer.","ç´¢å¼•å™¨ä¸­äº§å“?ç±»åž‹æœªå®šä¹‰ã€‚"
"ALL GROUPS","æ‰€æœ‰ç¾¤ç»„"
"AM","AM"
"Action","æ“?ä½œ"
"Actual Price","å®žé™…ä»·æ ¼"
"Add","æ·»åŠ "
"Add Attribute","æ·»åŠ å±žæ€§"
"Add Design Change","æ·»åŠ è®¾è®¡å?˜æ›´"
"Add Group","æ·»åŠ ç¾¤ç»„"
"Add Group Price","æ·»åŠ ç»„ä»·æ ¼"
"Add New","æ·»åŠ æ–°å†…å®¹"
"Add New Attribute","æ·»åŠ æ–°å±žæ€§"
"Add New Attribute Set","æ·»åŠ æ–°å±žæ€§é›†"
"Add New Group","æ·»åŠ æ–°ç¾¤ç»„"
"Add New Images","æ·»åŠ æ–°å›¾åƒ?"
"Add New Option","æ·»åŠ æ–°é€‰é¡¹"
"Add New Row","æ·»åŠ æ–°è¡Œ"
"Add New Search Term","æ·»åŠ æ–°çš„æ?œç´¢æ?¡ä»¶"
"Add New Set","æ·»åŠ æ–°é›†"
"Add Product","æ·»åŠ äº§å“?"
"Add Product To Websites","æ·»åŠ äº§å“?åˆ°ç½‘ç«™"
"Add Root Category","æ·»åŠ æ ¹åˆ†ç±»"
"Add Subcategory","æ·»åŠ å­?åˆ†ç±»"
"Add Tax","æ·»åŠ ç¨Žé‡‘"
"Add Tier","æ·»åŠ å±‚"
"Add attribute into attribute set","å°†å±žæ€§åŠ å…¥å±žæ€§é›†"
"Add group into attribute set","å°†ç»„åŠ å…¥å±žæ€§é›†"
"Add new custom option into product","æ·»åŠ æ–°è‡ªå®šä¹‰é€‰é¡¹åˆ°äº§å“?"
"Add new values into custom option","æ·»åŠ æ–°å€¼åˆ°è‡ªå®šä¹‰é€‰é¡¹"
"Add option","æ·»åŠ é€‰é¡¹"
"Add to Cart","æ·»åŠ åˆ°è´­ç‰©è½¦"
"Add to Compare","æ·»åŠ å¹¶æ¯”è¾ƒ"
"Add to Wishlist","æ·»åŠ åˆ°æ”¶è—?"
"Additional Information","é¢?å¤–ä¿¡æ?¯"
"Alert Urls","è­¦æŠ¥URL"
"All","å…¨éƒ¨"
"All Product Types","æ‰€æœ‰äº§å“?ç±»åž‹"
"All Websites","æ‰€æœ‰ç½‘ç«™"
"All products","å…¨éƒ¨äº§å“?"
"All products - recently added products, New products - products marked as new","å…¨éƒ¨äº§å“? - æœ€è¿‘æ–°å¢žçš„äº§å“?ï¼Œæ–°äº§å“? - æ ‡è®°ä¸ºå…¨æ–°çš„äº§å“?"
"All products of this set will be deleted! Are you sure you want to delete this attribute set?","è¯¥é›†å?ˆçš„æ‰€æœ‰äº§å“?éƒ½å°†è¢«åˆ é™¤ï¼?æ‚¨æ˜¯å?¦ç¡®è®¤è¦?åˆ é™¤è¯¥å±žæ€§é›†ï¼Ÿ"
"Allow All Products per Page","æ¯?é¡µé?¢å…?è®¸æ˜¾ç¤ºçš„æ‰€æœ‰äº§å“?"
"Allow Dynamic Media URLs in Products and Categories","åœ¨äº§å“?å’Œåˆ†ç±»ä¸­å…?è®¸ä½¿ç”¨åŠ¨æ€?åª’ä½“URL"
"Allow HTML Tags on Frontend","å…?è®¸åœ¨å‰?ç«¯ä½¿ç”¨HTMLæ ‡ç­¾"
"Allowed File Extensions","å…?è®¸çš„æ–‡ä»¶æ‰©å±•"
"Allowed file extensions to upload","å…?è®¸ä¸Šä¼ çš„æ–‡ä»¶æ‰©å±•"
"Amount","æ•°é‡?"
"An error occurred while adding products to websites.","æ·»åŠ äº§å“?åˆ°ç½‘ç«™æ—¶å?‘ç”Ÿé”™è¯¯ã€‚"
"An error occurred while clearing comparison list.","æ¸…é™¤å¯¹ç…§è¡¨æ—¶å?‘ç”Ÿé”™è¯¯ã€‚"
"An error occurred while deleting this review.","åˆ é™¤è¯¥è¯„è®ºæ—¶å‡ºé”™ã€‚"
"An error occurred while removing products from websites.","ä»Žç½‘ç«™ç§»é™¤äº§å“?æ—¶å?‘ç”Ÿé”™è¯¯ã€‚"
"An error occurred while saving the URL rewrite","ä¿?å­˜é‡?å†™çš„URLæ—¶å?‘ç”Ÿé”™è¯¯ã€‚"
"An error occurred while saving the attribute set.","ä¿?å­˜å±žæ€§é›†æ—¶å?‘ç”Ÿé”™è¯¯ã€‚"
"An error occurred while saving the collection, aborting. Error message: %s","ä¿?å­˜é›†å?ˆæ—¶å‡ºé”™ï¼Œæ­£åœ¨å¿½ç•¥ã€‚é”™è¯¯ä¿¡æ?¯ï¼š%s"
"An error occurred while saving the product. ","ä¿?å­˜äº§å“?æ—¶å?‘ç”Ÿé”™è¯¯ã€‚"
"An error occurred while saving the search query.","ä¿?å­˜æ?œç´¢æŸ¥è¯¢æ—¶å?‘ç”Ÿé”™è¯¯ã€‚"
"An error occurred while saving this group.","ä¿?å­˜è¿™ä¸ªåˆ†ç»„æ—¶å?‘ç”Ÿé”™è¯¯ã€‚"
"An error occurred while saving this review.","ä¿?å­˜è¯¥è¯„è®ºæ—¶å‡ºé”™ã€‚"
"An error occurred while trying to delete the category.","åˆ é™¤è¯¥ç±»åˆ«æ—¶å?‘ç”Ÿé”™è¯¯ã€‚"
"An error occurred while updating the product(s) attributes.","æ›´æ–°äº§å“?å±žæ€§æ—¶å?‘ç”Ÿé”™è¯¯ã€‚"
"An error occurred while updating the product(s) status.","æ›´æ–°äº§å“?çŠ¶æ€?æ—¶å?‘ç”Ÿé”™è¯¯ã€‚"
"An invalid group ID is specified, skipping the record.","æŒ‡å®šçš„ç»„IDæ— æ•ˆï¼Œè·³è¿‡è®°å½•ã€‚"
"An invalid option ID is specified for %s (%s), skipping the record.","%s (%s)ä¸ºæ— æ•ˆçš„é€‰é¡¹IDï¼Œè·³è¿‡æ­¤è®°å½•ã€‚"
"An invalid store was specified.","æŒ‡å®šäº†ä¸€ä¸ªæ— æ•ˆçš„å­˜å‚¨ã€‚"
"Anchor Custom Text","è‡ªå®šä¹‰æ–‡æœ¬é”šç‚¹"
"Anchor Custom Title","è‡ªå®šä¹‰æ ‡é¢˜é”šç‚¹"
"Applicable to catalog products and categories only. Any media content will be inserted into editor as a static URL. It is not updated if the system configuration base URL changes.","å?ªé€‚ç”¨äºŽäº§å“?ç›®å½•å’Œç±»åˆ«ã€‚ä»»ä½•åª’ä½“å†…å®¹å°†è¢«æ?’å…¥åˆ°ä¸€ä¸ªé?™æ€?çš„URLç¼–è¾‘å™¨ã€‚å¦‚æžœç³»ç»Ÿé…?ç½®åŸºç¡€çš„URLæ›´æ”¹äº†ï¼Œå®ƒä¹Ÿä¸?ä¼šéš?ä¹‹æ›´æ–°ã€‚"
"Apply MAP (Default Value)","MAPåº”ç”¨ï¼ˆé¢„è®¾å€¼ï¼‰"
"Apply To","åº”ç”¨ç»™"
"Approved","å·²æ‰¹å‡†"
"Are you sure you want to delete this category?","ä½ ç¡®å®šè¦?åˆ é™¤æ­¤ç±»åˆ«ï¼Ÿ"
"Are you sure you would like to remove all products from your comparison?","ä½ ç¡®å®šè¦?æ˜¯åˆ é™¤æ‰€æœ‰å¯¹æ¯”çš„äº§å“?ï¼Ÿ"
"Are you sure you would like to remove this item from the compare products?","ä½ ç¡®å®šè¦?ä»Žå¯¹æ¯”äº§å“?ä¸­åˆ é™¤è¿™ä¸ªé¡¹ç›®ï¼Ÿ"
"Are you sure?","æ‚¨æ˜¯å?¦ç¡®è®¤ï¼Ÿ"
"As low as:","ä½Žè‡³ï¼š"
"Assign","ã€?åˆ†é…?"
"Assign product link","åˆ†é…?çš„äº§å“?é“¾æŽ¥"
"Assign product to category","åˆ†é…?äº§å“?åˆ°åˆ†ç±»"
"Assigned Products","åˆ†é…?çš„äº§å“?"
"Associated Products","ç›¸å…³çš„äº§å“?"
"Attrib. Set Name","å±žæ€§ã€‚ è®¾ç½®å??ç§°"
"Attribute ""%s"" is invalid.","å±žæ€§ â€œ%sâ€? æ— æ•ˆã€‚"
"Attribute ""%s"" is required.","å±žæ€§ ""%s"" æ˜¯å¿…é¡»çš„ã€‚"
"Attribute Information","å±žæ€§ä¿¡æ?¯"
"Attribute Model","å±žæ€§æ¨¡åž‹"
"Attribute Name:","å±žæ€§å??ï¼š"
"Attribute Set","å±žæ€§é›†"
"Attribute Sets","å±žæ€§é›†"
"Attribute add","æ·»åŠ çš„å±žæ€§"
"Attribute code is invalid. Please use only letters (a-z), numbers (0-9) or underscore(_) in this field, first character should be a letter.","å±žæ€§ä»£ç ?æ— æ•ˆã€‚åœ¨è¯¥å­—æ®µä¸­è¯·å?ªä½¿ç”¨å­—æ¯?ï¼ˆa-zï¼‰ã€?æ•°å­—ï¼ˆ0-9ï¼‰ï¼Œæˆ–ä¸‹åˆ’çº¿ï¼ˆ_ï¼‰ï¼Œç¬¬ä¸€ä¸ªå­—ç¬¦å¿…é¡»æ˜¯å­—æ¯?ã€‚"
"Attribute group with the \"/name/\" name already exists","Attribute group with the \"/name/\" name already exists"
"Attribute group with the \/name/\ name already exists","ä½¿ç”¨è¯¥\/name/\ å??ç§°çš„å±žæ€§ç»„å·²ç»?å­˜åœ¨ã€‚"
"Attribute remove","åˆ é™¤å±žæ€§"
"Attribute with the same code already exists","ä½¿ç”¨ç›¸å?Œä»£ç ?çš„å±žæ€§å·²å­˜åœ¨"
"Attributes","å±žæ€§"
"Attrribute names can be specified per store.","å±žæ€§å??å?¯æ˜¯æ¯?åº—é“ºä¸“ç”¨çš„ã€‚"
"Autogenerate","è‡ªåŠ¨ç”Ÿæˆ?"
"Availability:","å?¯ç”¨æ€§ï¼š"
"Back","è¿”å›ž"
"Backend Model","å?Žç«¯æ¨¡å¼?"
"Backend Table","å?Žç«¯è¡¨æ ¼"
"Backend Table Title","å?Žç«¯è¡¨æ ¼æ ‡é¢˜"
"Backorders","ç¼ºè´§"
"Based On","åŸºäºŽ"
"Before Order Confirmation","åœ¨è®¢å?•ç¡®è®¤ä¹‹å‰?"
"Best Value","æœ€ä½³å€¼"
"Block after Info Column","ä¿¡æ?¯æ ?ä¹‹å?Žé˜»æ­¢"
"Bottom Block Options Wrapper","åº•éƒ¨é˜»æ­¢é€‰é¡¹åŒ…è£…"
"Bottom/Left","åº•éƒ¨/å·¦ä¾§"
"Bottom/Right","åº•éƒ¨/å?³ä¾§"
"Browse By","æµ?è§ˆè€…ï¼š"
"Bundle Items","æ?†ç»‘é¡¹"
"Buy %1$s","è´­ä¹° %1$s"
"Buy %1$s for","è´­ä¹° %1$sï¼š"
"Buy %1$s for %2$s","ä¸º %2$s è´­ä¹° %1$s"
"Buy %1$s for %2$s (%3$s incl. tax) each","ä¸ºæ¯? %2$sï¼ˆ%3$s å?«ç¨Žï¼‰è´­ä¹° %1$s"
"Buy %1$s for %2$s each","ä¸ºæ¯? %2$s è´­ä¹° %1$s"
"Cache Lifetime (Seconds)","ç¼“å­˜ç”Ÿå­˜æ—¶é—´ï¼ˆç§’ï¼‰"
"Cache refresh needed.","éœ€è¦?åˆ·æ–°ç¼“å­˜ã€‚"
"Can be Divided into Multiple Boxes for Shipping","å?¯æ‹†åˆ†ä¸ºå¤šä¸ªç®±å?‘è´§"
"Can be used only with catalog input type Dropdown","ä»…å?¯ç”¨äºŽç±»åˆ«è¾“å…¥ç±»åž‹ ä¸‹æ‹‰"
"Can be used only with catalog input type Dropdown, Multiple Select and Price","ä»…å?¯ç”¨äºŽç±»åˆ«è¾“å…¥ç±»åž‹ã€€ä¸‹æ‹‰ã€?å¤šé€‰å’Œä»·æ ¼"
"Can\'t create image.","æ— æ³•åˆ›å»ºå›¾ç‰‡ã€‚"
"Cancel","å?–æ¶ˆ"
"Cannot create image.","æ— æ³•åˆ›å»ºå›¾ç‰‡ã€‚"
"Cannot create writeable directory '%s'.","æ— æ³•åˆ›å»ºå?¯å†™çš„ç›®å½• '%s'ã€‚"
"Cart Item Attribute","è´­ç‰©è½¦é¡¹ç›®å±žæ€§"
"Catalog","åˆ†ç±»"
"Catalog Category (Anchor)","åˆ†ç±»ç±»åˆ«ï¼ˆå›ºå®šï¼‰"
"Catalog Category (Non-Anchor)","åˆ†ç±»ç±»åˆ«ï¼ˆä¸?å›ºå®šï¼‰"
"Catalog Category (Without Subcategories)","ç›®å½•ç±»åˆ«ï¼ˆæ— å­?ç±»ï¼‰"
"Catalog Category Link","åˆ†ç±»ç±»åˆ«é“¾æŽ¥"
"Catalog New Products List","åˆ†ç±»æ–°äº§å“?åˆ—è¡¨"
"Catalog Price Scope","åˆ†ç±»ä»·æ ¼èŒƒå›´"
"Catalog Product Compare List","åˆ†ç±»äº§å“?æ¯”è¾ƒåˆ—è¡¨"
"Catalog Product Email to a Friend","å°†åˆ†ç±»äº§å“?ç”¨é‚®ä»¶å?‘é€?ç»™æœ‹å?‹"
"Catalog Product Image Gallery Popup","åˆ†ç±»äº§å“?å›¾åƒ?åº“å¼¹å‡ºçª—å?£"
"Catalog Product Link","åˆ†ç±»äº§å“?é“¾æŽ¥"
"Catalog Product View (Any)","åˆ†ç±»äº§å“?è§†å›¾ï¼ˆä»»æ„?ï¼‰"
"Catalog Product View (Configurable)","åˆ†ç±»äº§å“?è§†å›¾ï¼ˆå?¯é…?ç½®ï¼‰"
"Catalog Product View (Grouped)","åˆ†ç±»äº§å“?è§†å›¾ï¼ˆåˆ†ç»„ï¼‰"
"Catalog Product View (Simple)","åˆ†ç±»äº§å“?è§†å›¾ï¼ˆç®€å?•ï¼‰"
"Catalog Product View (Virtual)","åˆ†ç±»äº§å“?è§†å›¾ï¼ˆè™šæ‹Ÿï¼‰"
"Catalog Section","åˆ†ç±»é€‰æ‹©"
"Catalog Seo Sitemap (Category List)","åˆ†ç±»SEOç«™ç‚¹ç»“æž„å›¾ï¼ˆåˆ†ç±»åˆ—è¡¨ï¼‰"
"Catalog Seo Sitemap (Category Tree)","åˆ†ç±»SEOç«™ç‚¹ç»“æž„å›¾ï¼ˆåˆ†ç±»æ ‘ï¼‰"
"Catalog Seo Sitemap (Common)","åˆ†ç±»SEOç«™ç‚¹ç»“æž„å›¾ï¼ˆå¸¸ç”¨ï¼‰"
"Catalog Seo Sitemap (Product List)","åˆ†ç±»SEOç«™ç‚¹ç»“æž„å›¾ï¼ˆäº§å“?åˆ—è¡¨ï¼‰"
"Catalog URL Rewrites","åˆ†ç±»URLé‡?å†™"
"Catalog product custom option values API","ç¼–å½•äº§å“?è‡ªå®šä¹‰é€‰é¡¹å€¼ API"
"Catalog product custom options API","ç¼–å½•äº§å“?è‡ªå®šä¹‰é€‰é¡¹ API"
"Catalog, Search","åˆ†ç±»ï¼Œæ?œç´¢"
"Categories","åˆ†ç±»"
"Genres","åˆ†ç±»"
"Categories Sitemap","åˆ†ç±»ç«™ç‚¹ç»“æž„å›¾"
"Category","åˆ†ç±»"
"Category API","åˆ†ç±»API"
"Category Data","åˆ†ç±»æ•°æ?®"
"Category Flat Data","åˆ†ç±»å¹³å?¦æ•°æ?®"
"Category Link Block Template","åˆ†ç±»é“¾æŽ¥å?—æ¨¡æ?¿"
"Category Link Inline Template","åˆ†ç±»é“¾æŽ¥å†…è?”æ‘¸æ?¿"
"Category Products","åˆ†ç±»äº§å“?"
"Category Top Navigation","åˆ†ç±»é¡¶éƒ¨å¯¼èˆª"
"Category URL Suffix","åˆ†ç±» URL å?Žç¼€"
"Category attributes API","åˆ†ç±»å±žæ€§ API"
"Category move error","åˆ†ç±»ç§»åŠ¨é”™è¯¯"
"Category move error %s","åˆ†ç±»ç§»åŠ¨é”™è¯¯ %s"
"Category move operation is not possible: parent category is equal to child category.","æ— æ³•è¿›è¡Œåˆ†ç±»ç§»åŠ¨æ“?ä½œï¼šæ¯?ç±»åˆ«ä¸Žå­?ç±»åˆ«ç›¸å?Œã€‚"
"Category move operation is not possible: the current category was not found.","æ— æ³•è¿›è¡Œåˆ†ç±»ç§»åŠ¨æ“?ä½œï¼šæ— æ³•æ‰¾åˆ°å½“å‰?ç±»åˆ«ã€‚"
"Category move operation is not possible: the new parent category was not found.","æ— æ³•è¿›è¡Œåˆ†ç±»ç§»åŠ¨æ“?ä½œï¼šæ— æ³•æ‰¾åˆ°æ–°çš„æ¯?ç±»åˆ«ã€‚"
"Category must be an instance of Mage_Catalog_Model_Category.","åˆ†ç±»å¿…é¡»ä¸º Mage_Catalog_Model_Category çš„ä¸€ä¸ªå®žä¾‹ã€‚"
"Center","ä¸­å¿ƒ"
"Change","æ›´æ”¹"
"Change or Retrieve attribute store view","æ›´æ”¹æˆ–å?–å›žå±žæ€§å•†åº—è§†å›¾"
"Change status","æ›´æ”¹çŠ¶æ€?"
"Check items to add to the cart or","æ£€æŸ¥è¦?åŠ å…¥è´­ç‰©è½¦çš„å†…å®¹"
"Choose an Option...","é€‰æ‹©é€‰é¡¹..."
"Clear All","æ¸…é™¤å…¨éƒ¨"
"Clear Price","æ¸…é™¤ä»·æ ¼"
"Click for price","å?•å‡»èŽ·å?–ä»·æ ¼"
"Close Window","å…³é—­çª—å?£"
"Collapse All","æŠ˜å? å…¨éƒ¨"
"Comma-separated.","é€—å?·åˆ†éš”ã€‚"
"Comparable","å?¯æ¯”è¾ƒ"
"Comparable on Front-end","å‰?ç«¯å?¯æ¯”è¾ƒ"
"Comparable on the Frontend","å‰?ç«¯å?¯æ¯”è¾ƒ"
"Compare","æ¯”è¾ƒ"
"Compare Products","æ¯”è¾ƒäº§å“?"
"Conditions Combination","æ?¡ä»¶ç»„å?ˆ"
"Configurable Product","å?¯é…?ç½®çš„äº§å“?"
"Configurable Product Settings","å?¯é…?ç½®çš„äº§å“?è®¾ç½®"
"Configure Product","é…?ç½®äº§å“?"
"Continue","ç»§ç»­"
"Copy From Configurable","ä»Žé…?ç½®ä¸­å¤?åˆ¶"
"Country/State","å›½å®¶/å·ž"
"Create","åˆ›å»º"
"Create (Upload)","åˆ›å»ºï¼ˆä¸Šä¼ ï¼‰"
"Create Empty","åˆ›å»ºç©ºçš„"
"Create Permanent Redirect for URLs if URL Key Changed","å¦‚æžœ URL é”®æœ‰å?˜åŠ¨ï¼Œä¸ºè¯¥ URL åˆ›å»ºæ°¸ä¹…é‡?å®šå?‘"
"Create Permanent Redirect for old URL","ä¸ºè€?URLåˆ›å»ºæ°¸ä¹…é‡?å®šå?‘"
"Create Product Settings","åˆ›å»ºäº§å“?è®¾ç½®"
"Create Simple Associated Product","åˆ›å»ºç®€å?•çš„å…³è?”äº§å“?"
"Create attribute set based on another set","æ ¹æ?®å?¦ä¸€ä¸ªé›†åˆ›å»ºå±žæ€§é›†"
"Create new attribute","åˆ›å»ºæ–°å±žæ€§"
"Create new category","åˆ›å»ºæ–°åˆ†ç±»"
"Create new product","åˆ›å»ºæ–°äº§å“?"
"Cross-sells","äº¤å?‰é”€å”®"
"Currently Shopping by:","ç›®å‰?çš„è´­ç‰©è€…ï¼š"
"Custom Design","è‡ªå®šä¹‰è®¾è®¡"
"Custom Options","è‡ªå®šä¹‰é€‰é¡¹"
"Custom options","è‡ªå®šä¹‰é€‰é¡¹"
"Customer Group","å®¢æˆ·ç»„"
"Customers Reviews","å®¢æˆ·è¯„æµ‹"
"Customers Tagged Product","å®¢æˆ·æ ‡è®°çš„äº§å“?"
"Data Type for Saving in Database","è¦?ä¿?å­˜åœ¨æ•°æ?®åº“ä¸­çš„æ•°æ?®ç±»åž‹"
"Date & Time Custom Options","æ—¥æœŸå’Œæ—¶é—´è‡ªå®šä¹‰é€‰é¡¹"
"Date Fields Order","æ—¥æœŸå­—æ®µé¡ºåº?"
"Date Subscribed","è®¢é˜…æ—¥æœŸ"
"Datetime","æ—¥æœŸæ—¶é—´"
"Decimal","å??è¿›åˆ¶"
"Declare attribute value saving scope","å£°æ˜Žå±žæ€§å€¼ä¿?å­˜èŒƒå›´"
"Default ""What's This"" Text Message","é»˜è®¤â€œè¿™æ˜¯ä»€ä¹ˆâ€? æ–‡å­—ä¿¡æ?¯"
"Default Popup Text Message","é»˜è®¤å¼¹å‡ºçª—å?£æ–‡å­—ä¿¡æ?¯"
"Default Price","é»˜è®¤ä»·æ ¼"
"Default Price Navigation Step","é»˜è®¤ä»·æ ¼å¯¼èˆªæ­¥éª¤"
"Default Qty","é»˜è®¤æ•°é‡?"
"Default Values","é»˜è®¤å€¼"
"Defines the base currency scope (""Currency Setup"" > ""Currency Options"" > ""Base Currency"").","å®šä¹‰åŸºå‡†å¸?ç§?èŒƒå›´ (""å¸?ç§?è®¾ç½®"" > ""å¸?ç§?é€‰é¡¹"" > ""åŸºå‡†å¸?ç§?"")ã€‚"
"Delete","åˆ é™¤"
"Delete Attribute","åˆ é™¤å±žæ€§"
"Delete Attribute Set","åˆ é™¤å±žæ€§é›†"
"Delete Category","åˆ é™¤åˆ†ç±»"
"Delete Group Price","åˆ é™¤ç»„ä»·æ ¼"
"Delete Option","åˆ é™¤é€‰é¡¹"
"Delete Row","åˆ é™¤è¡Œ"
"Delete Search","åˆ é™¤æ?œç´¢"
"Delete Selected Group","åˆ é™¤æ‰€é€‰ç»„"
"Delete Tier","åˆ é™¤å±‚"
"Delete attribute","åˆ é™¤å±žæ€§"
"Delete category","åˆ é™¤åˆ†ç±»"
"Delete product","åˆ é™¤äº§å“?"
"Depends on design theme","å?–å†³äºŽè®¾è®¡ä¸»é¢˜"
"Design","è®¾è®¡"
"Details","è¯¦æƒ…"
"Disabled","å·²ç¦?ç”¨"
"Disallowed file type.","ä¸?å…?è®¸çš„æ–‡ä»¶ç±»åž‹ã€‚"
"Display Actual Price","æ˜¾ç¤ºå®žé™…ä»·æ ¼"
"Display Page Control","æ˜¾ç¤ºé¡µé?¢æŽ§åˆ¶"
"Display Price Interval as One Price","å°†ä»·æ ¼é—´éš”æ˜¾ç¤ºä¸ºä¸€ä¸ªä»·æ ¼"
"Display Product Count","æ˜¾ç¤ºäº§å“?æ•°é‡?"
"Display Type","æ˜¾ç¤ºç±»åž‹"
"Display in Suggested Terms","æ˜¾ç¤ºå»ºè®®çš„æ?œç´¢æ?¡ä»¶"
"Double click on a group to rename it","å?Œå‡»ç»„å?³å?¯æ›´å??"
"Double click on above image to view full picture","å?Œå‡»ä¸Šè¿°å›¾ç‰‡å?³å?¯æŸ¥çœ‹å®Œæ•´å¤§å°?"
"Downloadable Information","å?¯ä¸‹è½½çš„ä¿¡æ?¯"
"Duplicate","å‰¯æœ¬"
"Duplicate amount found.","æ‰¾åˆ°çš„å‰¯æœ¬æ•°é‡?"
"Duplicate website group price customer group.","é‡?å¤?ç½‘ç«™ å›¢ä½“ä»· å®¢æˆ·ç¾¤ã€‚"
"Duplicate website tier price customer group and quantity.","å‰¯æœ¬ç½‘ç«™å±‚ä»·æ ¼å®¢æˆ·åˆ†ç»„å’Œæ•°é‡?ã€‚"
"Duplicate website, country and state tax found.","æ‰¾åˆ°å‰¯æœ¬ç½‘ç«™ã€?å›½å®¶ï¼Œä»¥å?Šå·žç¨ŽçŽ‡ã€‚"
"E.g. {{media url=""path/to/image.jpg""}} {{skin url=""path/to/picture.gif""}}. Dynamic directives parsing impacts catalog performance.","ä¾‹å¦‚ï¼Œ {{media url=""path/to/image.jpg""}} {{skin url=""path/to/picture.gif""}}ã€‚åŠ¨æ€?æŒ‡ä»¤è§£æž?å°†å½±å“?åˆ°åˆ†ç±»çš„æ€§èƒ½ã€‚"
"Edit","ç¼–è¾‘"
"Edit Attribute Set '%s'","ç¼–è¾‘å±žæ€§é›† '%s'"
"Edit Product Attribute","ç¼–è¾‘äº§å“?å±žæ€§"
"Edit Product Attribute ""%s""","ç¼–è¾‘äº§å“?å±žæ€§ ""%s"""
"Edit Search","ç¼–è¾‘æ?œç´¢"
"Edit Search '%s'","ç¼–è¾‘æ?œç´¢ '%s'"
"Edit Set Name","ç¼–è¾‘é›†å??ç§°"
"Email","ç”µå­?é‚®ä»¶"
"Email to a Friend","ç»™æœ‹å?‹å?‘é‚®ä»¶"
"Empty","ç©º"
"Enable MAP","å?¯ç”¨æ˜ å°„"
"Enable Qty Increments","å?¯ç”¨æ•°é‡?å¢žé‡?"
"Enable WYSIWYG","å?¯ç”¨æ‰€è§?å?³æ‰€å¾—"
"Enable for reindexing a big number of SKUs.","å?¯ç”¨ä»¥é‡?æ–°ç´¢å¼•å¤§é‡? SKUã€‚"
"Enabled","å·²å?¯ç”¨"
"Error during retrieval of option value: %s","èŽ·å?–é€‰é¡¹å€¼ %sçš„è¿‡ç¨‹ä¸­å‡ºé”™"
"Exclude","æŽ’é™¤"
"Expand All","å…¨éƒ¨å±•å¼€"
"Failed","å·²å¤±è´¥"
"Failed to copy file %s. Please, delete media with non-existing images and try again.","æ–‡ä»¶ %s å¤?åˆ¶å¤±è´¥ã€‚è¯·åˆ é™¤ä¸Žä¸?å­˜åœ¨å›¾åƒ?æœ‰å…³çš„åª’ä½“ï¼Œç„¶å?Žé‡?è¯•ã€‚"
"Failed to move file: %s","ç§»åŠ¨æ–‡ä»¶ %s å¤±è´¥"
"Feature Products","ä¸»è¦?äº§å“?"
"Field is not complete","å­—æ®µä¸?å®Œæ•´"
"File options format is not valid.","æ–‡ä»¶é€‰é¡¹æ ¼å¼?æ— æ•ˆ"
"File upload failed","æ–‡ä»¶ä¸Šä¼ å¤±è´¥"
"Filter","è¿‡æ»¤å™¨"
"Filter model name must be declared.","ç­›é€‰å™¨æ¨¡å¼?å??ç§°å¿…é¡»å£°æ˜Žã€‚"
"Filter must be an object. Please set correct filter.","ç­›é€‰å™¨å¿…é¡»æ˜¯å¯¹è±¡ã€‚è¯·è®¾ç½®æ­£ç¡®çš„ç­›é€‰å™¨ã€‚"
"Filterable (no results)","å?¯ç­›é€‰ï¼ˆæ— ç»“æžœï¼‰"
"Filterable (with results)","å?¯ç­›é€‰ï¼ˆæœ‰ç»“æžœï¼‰"
"First Name","å??å­—"
"Fixed","å›ºå®š"
"For internal use.","é™?å†…éƒ¨ä½¿ç”¨ã€‚"
"For the last time placed.","ä¸Šæ¬¡çš„ç½®å…¥"
"Frontend","å‰?ç«¯"
"Frontend Model","å‰?ç«¯æ¨¡å¼?"
"Frontend Properties","å‰?ç«¯å±žæ€§"
"Gallery","ç”»å»Š"
"General Information","å¸¸è§„ä¿¡æ?¯"
"Get full information about attribute with list of options","é€šè¿‡é€‰é¡¹åˆ—è¡¨,  èŽ·å?–æœ‰å…³å±žæ€§çš„å®Œæ•´ä¿¡æ?¯"
"Get full information about custom option in product","èŽ·å?–äº§å“?ä¸­è‡ªå®šä¹‰é€‰é¡¹çš„å®Œæ•´ä¿¡æ?¯"
"Get list of available custom option types","èŽ·å?–å?¯ç”¨è‡ªå®šä¹‰é€‰é¡¹ç±»åž‹åˆ—è¡¨"
"Get list of non-default attributes by product type and attributes set","æŒ‰äº§å“?ç±»åž‹å’Œå±žæ€§è®¾ç½®èŽ·å?–é?žé»˜è®¤å±žæ€§åˆ—è¡¨"
"Get list of possible attribute types","èŽ·å?–å?¯èƒ½çš„å±žæ€§ç±»åž‹åˆ—è¡¨"
"Get special price","èŽ·å?–ç‰¹æƒ ä»·æ ¼"
"Global","å…¨ç?ƒ"
"Globally Editable","å…¨ç?ƒèŒƒå›´å†…å?¯ç¼–è¾‘"
"Go to Home Page","å‰?å¾€ä¸»é¡µ"
"Grid","ç½‘æ ¼"
"Group add","ç»„æ·»åŠ "
"Group remove","ç»„åˆ é™¤"
"Grouped Product","åˆ†ç»„äº§å“?"
"Groups","ç¾¤ç»„"
"Home","ä¸»é¡µ"
"ID","ID"
"ID: %s","IDï¼š%s"
"If empty, the Category Name will be used","å¦‚æžœä¸ºç©ºï¼Œåˆ™ä½¿ç”¨åˆ†ç±»å??ç§°"
"If empty, the Product Name will be used","å¦‚æžœä¸ºç©ºï¼Œåˆ™ä½¿ç”¨äº§å“?å??ç§°"
"If you do not specify an option value for a specific store view then the default (Admin) value will be used.","å¦‚æžœæ‚¨ä¸?ä¸ºç‰¹å®šå•†åº—è§†å›¾æŒ‡å®šä¸€ä¸ªé€‰é¡¹å€¼ï¼Œåˆ™ä½¿ç”¨é»˜è®¤ (Admin) å€¼ã€‚"
"Image","å›¾æ¡ˆ"
"Image content is not valid base64 data.","å½±åƒ?å†…å®¹ä¸?æ˜¯æœ‰æ•ˆçš„ base64 æ•°æ?®ã€‚"
"Image does not exist.","å›¾ç‰‡ä¸?å­˜åœ¨ã€‚"
"Image file was not found.","æ— æ³•æ‰¾åˆ°å›¾ç‰‡æ–‡ä»¶ã€‚"
"Image type and information need to be specified for each store view.","éœ€è¦?ä¸ºæ¯?ä¸ªå•†åº—è§†å›¾æŒ‡å®šå›¾ç‰‡ç±»åž‹å’Œä¿¡æ?¯ã€‚"
"In Cart","è´­ç‰©è½¦"
"In Stock","æœ‰è´§"
"In stock","çŽ°è´§"
"Incl. Tax","å?«ç¨Ž"
"Index product and categories URL rewrites","ç´¢å¼•äº§å“?å’Œç±»åˆ« URL é‡?å†™"
"Index product attributes for layered navigation building","ä¸ºåˆ†å±‚å¯¼èˆªå»ºç­‘ç´¢å¼•äº§å“?å±žæ€§"
"Index product prices","ç´¢å¼•äº§å“?ä»·æ ¼"
"Indexed category/products association","å·²ç´¢å¼•çš„åˆ†ç±»/äº§å“?å…³è?”"
"Info","ä¿¡æ?¯"
"Info Column Options Wrapper","ä¿¡æ?¯æ ?é€‰é¡¹åŒ…è£…"
"Input Type","è¾“å…¥ç±»åž‹"
"Integer","æ•´æ•°"
"Interval Division Limit","åŒºé—´åˆ’åˆ†é™?åˆ¶"
"Invalid Tier Prices","æ— æ•ˆçš„å±‚ä»·æ ¼"
"Invalid attribute %s","æ— æ•ˆçš„å±žæ€§ %s"
"Invalid attribute option specified for attribute %s (%s), skipping the record.","ä¸ºå±žæ€§ %s (%s) æŒ‡å®šçš„å±žæ€§é€‰é¡¹æ— æ•ˆï¼Œæ­£åœ¨è·³è¿‡è¯¥è®°å½•ã€‚"
"Invalid attribute set specified, skipping the record.","æŒ‡å®šçš„å±žæ€§é›†æ— æ•ˆï¼Œæ­£åœ¨è·³è¿‡è¯¥è®°å½•ã€‚"
"Invalid block: %s.","æ— æ•ˆçš„å?—ï¼š %sã€‚"
"Invalid category IDs.","æ— æ•ˆåˆ†ç±»IDã€‚"
"Invalid category.","æ— æ•ˆçš„åˆ†ç±»ã€‚"
"Invalid image file type.","æ— æ•ˆçš„å›¾åƒ?æ–‡ä»¶ç±»åž‹ã€‚"
"Invalid image type.","æ— æ•ˆçš„å›¾åƒ?ç±»åž‹ã€‚"
"Invalid option ID specified for %s (%s), skipping the record.","ä¸º %s (%s) æŒ‡å®šçš„é€‰é¡¹IDæ— æ•ˆï¼Œæ­£åœ¨è·³è¿‡è¯¥è®°å½•ã€‚"
"Invalid product type specified, skipping the record.","æŒ‡å®šçš„äº§å“?ç±»åž‹æ— æ•ˆï¼Œæ­£åœ¨è·³è¿‡è¯¥è®°å½•ã€‚"
"Invalid store specified","æŒ‡å®šçš„åº—é“ºæ— æ•ˆ"
"Invalid store specified, skipping the record.","æŒ‡å®šçš„åº—é“ºæ— æ•ˆï¼Œæ­£åœ¨è·³è¿‡è¯¥è®°å½•ã€‚"
"Invalid tier prices. The product is not associated to the requested website.","æ— æ•ˆå±‚ä»·æ ¼ã€‚è¯¥äº§å“?ä¸Žæ‰€è¯·æ±‚çš„ç½‘ç«™æ— å…³è?”ã€‚"
"Inventory","ç›˜ç‚¹"
"Is Default","ä¸ºé»˜è®¤å€¼"
"Is Required","ä¸ºå¿…é¡»"
"Items %s to %s of %s total","é¡¹ç›® %s åˆ° %s å…± %sä¸ª"
"Items that you do not want to show in the catalog or search results should have status 'Disabled' in the desired store.","æ‚¨ä¸?å¸Œæœ›æ˜¾ç¤ºåœ¨åˆ†ç±»æˆ–æ?œç´¢ç»“æžœä¸­çš„å†…å®¹åº”åœ¨ç›®æ ‡åº—é“ºä¸­è®¾ç½®'Disabled'çŠ¶æ€?ã€‚"
"Items that you don't want to show in the catalog or search results should have status 'Disabled' in the desired store.","æ‚¨ä¸?å¸Œæœ›åœ¨åˆ†ç±»æˆ–æ?œç´¢ç»“æžœä¸­æ˜¾ç¤ºçš„å†…å®¹åº”åœ¨ç›®æ ‡åº—é“ºä¸­è®¾ç½®'Disabled'çŠ¶æ€?ã€‚"
"Keep your eyes open for our special Back to School items and save A LOT!","ç??å¤§çœ¼ç?›æ‰¾åˆ°ç‰¹æ®Šçš„â€œè¿”æ ¡â€? é¡¹ç›®ï¼ŒèŽ·å¾—å¤§å®žæƒ ï¼?"
"Label","æ ‡ç­¾"
"Last Name","å§“æ°?"
"Last Notification","æœ€æ–°é€šçŸ¥"
"Layered Navigation","åˆ†å±‚å¯¼èˆª"
"Learn More","äº†è§£æ›´å¤š"
"Line %d, Email: %s","ç¬¬%è¡Œï¼Œé‚®ç®±ï¼š%"
"Line %d, SKU: %s","è¡Œ %sï¼Œ SKUï¼š%s"
"Link (Related, Up sell, Cross sell)","é“¾æŽ¥ï¼ˆç›¸å…³ï¼Œè¶…å”®ï¼Œäº¤å?‰é”€å”®ï¼‰"
"Link product does not exist.","é“¾æŽ¥çš„äº§å“?ä¸?å­˜åœ¨ã€‚"
"Link to a Specified Category","é“¾æŽ¥åˆ°æŒ‡å®šçš„åˆ†ç±»"
"Link to a Specified Product","é“¾æŽ¥åˆ°æŒ‡å®šäº§å“?"
"List","åˆ—è¡¨"
"List Mode","åˆ—è¡¨æ¨¡å¼?"
"List of Products that are set as New","å??å?•è¢«å®šä¸ºæ–°äº§å“?"
"List of types","ç±»åž‹åˆ—è¡¨"
"Manage Attribute Sets","ç®¡ç?†å±žæ€§é›†"
"Manage Attributes","ç®¡ç?†å±žæ€§"
"Manage Catalog Categories","ç®¡ç?†åˆ†ç±»ç±»åˆ«"
"Manage Categories","ç®¡ç?†åˆ†ç±»"
"Manage Label / Options","ç®¡ç?†æ ‡ç­¾/é€‰é¡¹"
"Manage Options (values of your attribute)","Manage Options (values of your attribute)"
"Manage Product Attributes","ç®¡ç?†äº§å“?å±žæ€§"
"Manage Product Sets","ç®¡ç?†äº§å“?è®¾ç½®"
"Manage Products","ç®¡ç?†äº§å“?"
"Manage Stock","åº“å­˜ç®¡ç?†"
"Manage Titles (Size, Color, etc.)","ç®¡ç?†å??ç§°ï¼ˆå°ºå¯¸ï¼Œé¢œè‰²ç­‰ï¼‰"
"Max Characters","å­—ç¬¦æ•°ä¸Šé™?"
"Maximal Depth","æœ€å¤§æ·±åº¦"
"Maximum Image Size","æœ€å¤§å›¾åƒ?å¤§å°?"
"Maximum Number of Price Intervals","ä»·æ ¼é—´éš”æœ€å¤§æ•°é‡?"
"Maximum Qty Allowed in Shopping Cart","è´­ç‰©è½¦æ•°é‡?ä¸Šé™?"
"Maximum allowed image size for '%s' is %sx%s px.","'%s' å…?è®¸çš„æœ€å¤§å›¾åƒ?å°ºå¯¸ä¸º%sx%s åƒ?ç´ ã€‚"
"Maximum image height","å›¾ç‰‡æœ€å¤§é«˜åº¦"
"Maximum image width","å›¾ç‰‡æœ€å¤§å®½åº¦"
"Maximum number of characters:","æœ€å¤§å­—ç¬¦æ•°ï¼š"
"Maximum number of price intervals is 100","ä»·æ ¼é—´éš”çš„æœ€å¤§æ•°é‡?ä¸º100"
"Media Image","åª’ä½“å›¾ç‰‡"
"Minimum Advertised Price","æœ€ä½Žå¹¿å‘Šä»·æ ¼"
"Minimum Lines per Page","æ¯?é¡µæœ€ä½Žè¡Œæ•°"
"Minimum Qty Allowed in Shopping Cart","è´­ç‰©è½¦é‡Œå…?è®¸çš„æœ€å°‘æ•°é‡?"
"Minimum Qty for Item\'s Status to be Out of Stock","å•†å“?çŠ¶æ€?çš„æœ€å°?æ•°é‡?ä¸ºç¼ºè´§"
"Missing SKU, skipping the record.","ä¸¢å¤±SKUï¼Œæ­£åœ¨è·³è¿‡è¯¥è®°å½•ã€‚"
"More Views","æ›´å¤šè§†å›¾"
"Move","ç§»åŠ¨"
"Move category in tree","åœ¨æ ‘ä¸­ç§»åŠ¨åˆ†ç±»"
"Multi update product","å¤šæ¬¡æ›´æ–°äº§å“?"
"Must be in the allowed values list.","å¿…é¡»ä½?äºŽå…?è®¸çš„å€¼åˆ—è¡¨ä¸­ã€‚"
"My Account","æˆ‘çš„å¸?æˆ·"
"N/A","N/A"
"Name","å§“å??"
"Name in %s","%sçš„å??ç§°"
"New Product","æ–°äº§å“?"
"New Product Attribute","æ–°äº§å“?å±žæ€§"
"New Products","æ–°äº§å“?"
"New Products Grid Template","æ–°äº§å“?ç½‘æ ¼æ¨¡æ?¿"
"New Products List Template","æ–°äº§å“?åˆ—è¡¨æ¨¡æ?¿"
"New Root Category","æ–°å»ºæ ¹ç±»åˆ«"
"New Search","æ–°æ?œç´¢"
"New Set Name","æ–°é›†å??ç§°"
"New Subcategory","æ–°å»ºå­?ç±»åˆ«"
"New products","æ–°äº§å“?"
"Next","ä¸‹ä¸€ä¸ª"
"No","å?¦"
"No image","æ— å›¾ç‰‡"
"No layout updates","æ— å¸ƒå±€æ›´æ–°"
"No options of this product are available.","è¯¥äº§å“?æ²¡æœ‰å?¯ç”¨é€‰é¡¹ã€‚"
"No product collections found.","æœªæ‰¾åˆ°äº§å“?é›†å?ˆã€‚"
"None","æ— "
"Not Visible Individually","æ— ç‹¬ç«‹å?¯è§?æ€§"
"Notify Low Stock RSS","å­˜è´§ä¸?è¶³RSSé€šçŸ¥"
"Notify for Quantity Below","å­˜é‡?è¿‡ä½Žé€šçŸ¥"
"Number of Products per Page","æ¯?é¡µæ˜¾ç¤ºçš„äº§å“?æ•°é‡?"
"Number of Products to Display","æ˜¾ç¤ºçš„äº§å“?æ•°é‡?"
"Number of Uses","ç”¨æˆ·æ•°"
"Number of results","ç»“æžœçš„æ•°é‡?"
"Number of results (For the last time placed)","ç»“æžœçš„æ•°é‡?ï¼ˆä¸Šæ¬¡çš„ç½®å…¥ï¼‰"
"OK","ç¡®å®š"
"OR","æˆ–"
"Old Price:","åŽŸä»·ï¼š"
"On Gesture","æ‰‹åŠ¿"
"Option validation failed to add product to cart.","æ·»åŠ äº§å“?åˆ°è´­ç‰©è½¦æ—¶é€‰é¡¹éªŒè¯?å¤±è´¥ã€‚"
"Option values","é€‰é¡¹å€¼"
"Option:","é€‰é¡¹ï¼š"
"Options","é€‰é¡¹"
"Options Control","é€‰é¡¹æŽ§åˆ¶"
"Options is required","é€‰é¡¹æ˜¯å¿…é¡»çš„"
"Our customer service is available 24/7. Call us at (555) 555-0123.","æˆ‘ä»¬æ??ä¾›å…¨å¤©å€™å®¢æˆ·æœ?åŠ¡ã€‚è¯·è‡´ç”µæˆ‘ä»¬ (555) 555-0123ã€‚"
"Out of Stock","æ— è´§"
"Out of stock","ç¼ºè´§"
"PM","PM"
"Page Title Separator","é¡µé?¢æ ‡é¢˜åˆ†éš”å™¨"
"Parent Category","çˆ¶åˆ†ç±»"
"Pending","æŒ‚èµ·"
"Pending Reviews RSS","æŒ‚èµ·è¯„æµ‹RSS"
"Percentage","ç™¾åˆ†çŽ‡"
"Please add rows to option.","è¯·æ·»åŠ é€‰é¡¹è¡Œã€‚"
"Please be careful as once you click on the row it will load package data form the selected file and all unsaved form data will be lost.","è¯·å°?å¿ƒï¼Œä¸€æ—¦æ‚¨ç‚¹å‡»è¿™ä¸€è¡Œï¼Œå°±ä¼šä»Žæ‰€é€‰æ–‡ä»¶ä¸­åŠ è½½åŒ…è£¹æ•°æ?®ï¼Œæ‰€æœ‰æœªä¿?å­˜çš„æ•°æ?®éƒ½å°†ä¸¢å¤±ã€‚"
"Please click on the Close Window button if it is not closed automatically.","å¦‚æžœæ²¡æœ‰è‡ªåŠ¨å…³é—­ï¼Œè¯·ç‚¹å‡»å…³é—­çª—å?£æŒ‰é’®ã€‚"
"Please enter a new group name","è¯·è¾“å…¥æ–°ç»„çš„å??ç§°"
"Please refresh ""Catalog URL Rewrites"" and ""Product Attributes"" in System -&gt; <a href=""%s"">Index Management</a>","Please refresh ""Catalog URL Rewrites"" and ""Product Attributes"" in System -&gt; <a href=""%s"">Index Management</a>"
"Please refresh ""Catalog URL Rewrites"" and ""Product Attributes"" in System -> <a href=""%s"">Index Management</a>","è¯·åœ¨ ç³»ç»Ÿ -> <a href=""%s"">ç´¢å¼•ç®¡ç?†</a>ä¸­åˆ·æ–° ""ç±»åˆ« URL é‡?å†™"" ä¸Ž ""äº§å“?å±žæ€§"""
"Please refresh ""Product Attributes"" in System -&gt; <a href=""%s"">Index Management</a>","Please refresh ""Product Attributes"" in System -&gt; <a href=""%s"">Index Management</a>"
"Please select a static block ...","è¯·é€‰æ‹©ä¸€ä¸ªé?™æ€?å?—..."
"Please select items.","è¯·é€‰æ‹©é¡¹ç›®ã€‚"
"Please select one or more attributes.","è¯·é€‰æ‹©ä¸€ä¸ªæˆ–å¤šä¸ªå±žæ€§ã€‚"
"Please select product(s).","è¯·é€‰æ‹©äº§å“?ã€‚"
"Please select products for attributes update","è¯·é€‰æ‹©è¦?æ›´æ–°å±žæ€§çš„äº§å“?"
"Please set up merge date/time","è¯·è®¾ç½®å?ˆå¹¶æ—¥æœŸ/æ—¶é—´"
"Please set up merge date/time later then present date","è¯·è®¾ç½®æ¯”å½“å‰?æ—¶é—´æ™šçš„å?ˆå¹¶æ—¥æœŸ/æ—¶é—´"
"Please specify date required option(s).","è¯·æŒ‡å®šæ—¥æœŸéœ€è¦?çš„é€‰é¡¹ã€‚"
"Please specify the number of products, that will not be divided into subintervals.","è¯·æ³¨æ˜Žä¸?ä¼šè¢«åˆ’åˆ†æˆ?å­?åŒºé—´çš„äº§å“?çš„æ•°é‡?ã€‚"
"Please specify the product required option(s)","è¯·æŒ‡å®šäº§å“?éœ€è¦?çš„é€‰é¡¹"
"Please specify the product required option(s).","è¯·æŒ‡å®šäº§å“?éœ€è¦?çš„é€‰é¡¹ã€‚"
"Please specify the product\'s option(s).","è¯·æŒ‡å®šäº§å“?çš„é€‰é¡¹ã€‚"
"Please specify the product\'s required option(s).","è¯·æŒ‡å®šäº§å“?çš„å¿…è¦?é€‰é¡¹ã€‚"
"Please specify the quantity of product(s).","è¯·æŒ‡å®šäº§å“?æ•°é‡?ã€‚"
"Please specify time required option(s).","è¯·æŒ‡å®šæ—¶é—´éœ€è¦?çš„é€‰é¡¹ã€‚"
"Please wait...","è¯·ç¨?å€™..."
"Position","ä½?ç½®"
"Position in Layered Navigation","åœ¨å±‚æ¬¡å¼?å¯¼èˆªä¸­å®šä½?"
"Position of attribute in layered navigation block","åˆ†å±‚å¯¼èˆªåŒºå?—çš„å±žæ€§ä½?ç½®"
"Prev","ä¸Šä¸€ä¸ª"
"Previous","ä¸Šä¸€ä¸ª"
"Price","ä»·æ ¼"
"Price Navigation Step Calculation","ä»·æ ¼å¯¼èˆªæ­¥éª¤è®¡ç®—"
"Price Type","ä»·æ ¼ç±»åž‹"
"Price is not available","ä»·æ ¼ä¸?å?¯ç”¨"
"Price values for options should be specified in system base currency.","ä»·æ ¼æ•°å€¼é€‰é¡¹åº”å½“åœ¨ç³»ç»ŸåŸºç¡€æ±‡çŽ‡ä¸­æŒ‡å®šã€‚"
"Price:","ä»·æ ¼ï¼š"
"Price: %s","ä»·æ ¼ï¼š%s"
"Print This Page","æ‰“å?°æœ¬é¡µé?¢"
"Product","äº§å“?"
"Product API","äº§å“? API"
"Product Alerts","äº§å“?è­¦æŠ¥"
"Product Attribute","äº§å“?å±žæ€§"
"Product Attributes","äº§å“?å±žæ€§"
"Product Categories","äº§å“?åˆ†ç±»"
"Product Description","äº§å“?ä»‹ç»?"
"Product Extra Info","äº§å“?çš„é¢?å¤–ä¿¡æ?¯"
"Product Flat Data","äº§å“?å¹³å?¦æ•°æ?®"
"Product ID","äº§å“? ID"
"Product Image Placeholders","äº§å“?å›¾åƒ?å? ä½?ç¬¦"
"Product Image Watermarks","äº§å“?å›¾åƒ?æ°´å?°"
"Product Images","äº§å“?å›¾åƒ?"
"Product Images API","äº§å“?å›¾ç‰‡ API"
"Product In Websites","ç½‘ç«™ä¸­çš„äº§å“?"
"Product Info Column","äº§å“?ä¿¡æ?¯æ ?"
"Product Information","äº§å“?ä¿¡æ?¯"
"Product Link Block Template","äº§å“?é“¾æŽ¥åŒºå?—æ¨¡æ?¿"
"Product Link Inline Template","äº§å“?é“¾æŽ¥å†…è?”æ¨¡æ?¿"
"Product Listing Sort by","äº§å“?åˆ—è¡¨æŽ’åˆ—é¡ºåº?"
"Product Name","äº§å“?å??"
"Product Prices","äº§å“?ä»·æ ¼"
"Product Reviews","äº§å“?è¯„æµ‹"
"Product Tags","äº§å“?æ ‡ç­¾"
"Product Tier Price API","äº§å“?å±‚çº§ä»·æ ¼ API"
"Product Type","äº§å“?ç±»åž‹"
"Product URL Suffix","äº§å“?URLå‰?ç¼€"
"Product View Extra Hint","äº§å“?è§†å›¾é¢?å¤–æ??ç¤º"
"Product attribute sets API","äº§å“?å±žæ€§é›†API"
"Product attributes API","äº§å“?å±žæ€§ API"
"Product collection expected.","é¢„æœŸçš„äº§å“?é›†å?ˆã€‚"
"Product is not loaded","äº§å“?å°šæœªåŠ è½½"
"Product links API (related, cross sells, up sells)","äº§å“?é“¾æŽ¥APIï¼ˆç›¸å…³ã€?äº¤å?‰é”€å”®ã€?è¶…å”®ï¼‰"
"Product types API","äº§å“?ç±»åž‹API"
"Product with this combination of attributes already associated to configurable.","å…·æœ‰æ­¤å±žæ€§ç»„å?ˆçš„äº§å“?å·²ä¸Žå?¯é…?ç½®äº§å“?å…³è?”ã€‚"
"Products","äº§å“?"
"Products Comparison List","äº§å“?æ¯”è¾ƒåˆ—è¡¨"
"Products Information","äº§å“?ä¿¡æ?¯"
"Products Reviews","äº§å“?è¯„è®º"
"Products Sitemap","äº§å“?ç½‘ç«™åœ°å›¾"
"Products only","ä»…äº§å“?"
"Products per Page on Grid Allowed Values","ç½‘æ ¼å…?è®¸çš„æ•°å€¼ä¸­çš„æ¯?é¡µäº§å“?æ•°é‡?"
"Products per Page on Grid Default Value","ç½‘æ ¼é»˜è®¤å€¼æ¯?é¡µäº§å“?"
"Products per Page on List Allowed Values","åˆ—è¡¨å…?è®¸å€¼æ¯?é¡µäº§å“?"
"Products per Page on List Default Value","åˆ—è¡¨é»˜è®¤æ•°å€¼ä¸­çš„æ¯?é¡µäº§å“?æ•°é‡?"
"Properties","å±žæ€§"
"Qty","æ•°é‡?"
"Qty Increments","æ•°é‡?å¢žé‡?"
"Qty Uses Decimals","æ•°é‡?ä½¿ç”¨å°?æ•°"
"Qty for Item\'s Status to Become Out of Stock","é¡¹ç›®çš„çŠ¶æ€?å?˜ä¸ºæ— è´§æ—¶çš„æ•°é‡?"
"Qty:","æ•°é‡?ï¼š"
"Quantity","æ•°é‡?"
"Quick Create","å¿«é€Ÿåˆ›å»º"
"Quick Overview","å¿«é€Ÿæ¦‚è¿°"
"Quick simple product creation","å¿«é€Ÿç®€å?•äº§å“?åˆ›å»º"
"Records for ""%s"" store found.","æœªæ‰¾åˆ°â€œ%sâ€?å•†åº—çš„è®°å½•ã€‚"
"Redirect","é‡?å®šå?‘"
"Redirect URL","é‡?å®šå?‘URL"
"Regular Price:","å¸¸è§„ä»·æ ¼ï¼š"
"Related Products","ç›¸å…³äº§å“?"
"Remove","åˆ é™¤"
"Remove Product From Websites","ä»Žç½‘ç«™åˆ é™¤äº§å“?"
"Remove This Item","åˆ é™¤è¯¥å†…å®¹"
"Remove attribute from attribute set","ä»Žå±žæ€§é›†ç§»é™¤å±žæ€§"
"Remove attribute set","ç§»é™¤å±žæ€§é›†"
"Remove custom option","åˆ é™¤è‡ªå®šä¹‰é€‰é¡¹"
"Remove group from attribute set","ä»Žå±žæ€§é›†ä¸­åˆ é™¤ç»„"
"Remove option","åˆ é™¤é€‰é¡¹"
"Remove product assignment","åˆ é™¤äº§å“?çš„åˆ†é…?"
"Remove product image","åˆ é™¤äº§å“?å›¾ç‰‡"
"Remove product link","åˆ é™¤äº§å“?é“¾æŽ¥"
"Remove value from custom option","ä»Žè‡ªå®šä¹‰é€‰é¡¹ä¸­åˆ é™¤å€¼"
"Rename existing group","çŽ°æœ‰ç»„æ”¹å??"
"Rename group","ç»„æ”¹å??"
"Reorganize EAV category structure to flat structure","é‡?æ–°è¯†åˆ«EAVåˆ†ç±»ç»“æž„ä¸ºå¹³å?¦ç»“æž„"
"Reorganize EAV product structure to flat structure","é‡?æ–°æ•´ç?†EAVäº§å“?ç»“æž„ä¸ºå¹³å?¦ç»“æž„"
"Reset","é‡?ç½®çŠ¶æ€?"
"Results","ç»“æžœ"
"Results per page","æ¯?é¡µç»“æžœæ•°é‡?"
"Retrieve attribute data","èŽ·å?–å±žæ€§æ•°æ?®"
"Retrieve attribute list","èŽ·å?–å±žæ€§åˆ—è¡¨"
"Retrieve attribute options","èŽ·å?–å±žæ€§é€‰é¡¹"
"Retrieve categories tree","èŽ·å?–åˆ†ç±»æ ‘"
"Retrieve category attributes","èŽ·å?–åˆ†ç±»å±žæ€§"
"Retrieve category data","èŽ·å?–åˆ†ç±»æ•°æ?®"
"Retrieve hierarchical tree","èŽ·å?–å±‚æ¬¡ç»“æž„æ ‘"
"Retrieve linked products","èŽ·å?–é“¾æŽ¥çš„äº§å“?"
"Retrieve list of assigned products","èŽ·å?–å·²åˆ†é…?äº§å“?åˆ—è¡¨"
"Retrieve list of option values","èŽ·å?–é€‰é¡¹å€¼åˆ—è¡¨"
"Retrieve list of product custom options","èŽ·å?–äº§å“?è‡ªå®šä¹‰é€‰é¡¹åˆ—è¡¨"
"Retrieve one level of categories by website/store view/parent category","èŽ·å?–ç½‘ç«™/åº—é“ºè§†å›¾/çˆ¶åˆ†ç±»çš„ ä¸€çº§åˆ†ç±»"
"Retrieve option value info","èŽ·å?–é€‰é¡¹å€¼ä¿¡æ?¯"
"Retrieve product","èŽ·å?–äº§å“?"
"Retrieve product attribute sets","èŽ·å?–äº§å“?å±žæ€§é›†"
"Retrieve product image","èŽ·å?–äº§å“?å›¾ç‰‡"
"Retrieve product image list","èŽ·å?–äº§å“?å›¾ç‰‡åˆ—è¡¨"
"Retrieve product image types","èŽ·å?–äº§å“?å›¾ç‰‡ç±»åž‹"
"Retrieve product link type attributes","èŽ·å?–äº§å“?é“¾æŽ¥ç±»åž‹å±žæ€§"
"Retrieve product link types","èŽ·å?–äº§å“?é“¾æŽ¥ç±»åž‹"
"Retrieve product tier prices","èŽ·å?–äº§å“?å±‚ä»·æ ¼"
"Retrieve product types","èŽ·å?–äº§å“?ç±»åž‹"
"Retrieve products data","èŽ·å?–äº§å“?æ•°æ?®"
"Retrieve products list by filters","æŒ‰ç…§ç­›é€‰å™¨èŽ·å?–äº§å“?åˆ—è¡¨"
"Reviews","è¯„æµ‹"
"Roll Over for preview","ç¿»è½¬é¢„è§ˆ"
"Root","æ ¹"
"SKU","SKU"
"SKU length should be %s characters maximum.","SKUé•¿åº¦æœ€å¤šä¸º %s ä¸ªå­—ç¬¦ã€‚"
"Save","ä¿?å­˜"
"Save Attribute","ä¿?å­˜å±žæ€§"
"Save Attribute Set","ä¿?å­˜å±žæ€§é›†"
"Save Category","ä¿?å­˜åˆ†ç±»"
"Save Search","ä¿?å­˜æ?œç´¢"
"Save and Continue Edit","ä¿?å­˜å¹¶ç»§ç»­ç¼–è¾‘"
"Saved %d record(s)","å·²ä¿?å­˜ %s æ?¡è®°å½•"
"Scope","èŒƒå›´"
"Scope must not be changed, because the attribute is used in configurable products.","èŒƒå›´ä¸?èƒ½æ›´æ”¹ï¼Œå› ä¸ºå?¯é…?ç½®äº§å“?ä¸­ä½¿ç”¨äº†å±žæ€§ã€‚"
"Search","æ?œç´¢"
"Search Engine Optimizations","æ?œç´¢å¼•æ“Žä¼˜åŒ–"
"Search Information","æ?œç´¢ä¿¡æ?¯"
"Search Query","æ?œç´¢æŸ¥è¯¢"
"Search Term with such search query already exists.","ä½¿ç”¨æ­¤ç±»æŸ¥è¯¢çš„æ?œç´¢æ?¡ä»¶å·²å­˜åœ¨ã€‚"
"Search Weight","æ?œç´¢é«˜åº¦"
"Searchable","å?¯æ?œç´¢"
"See price before order confirmation.","ç¡®è®¤è®¢å?•å‰?æ˜¾ç¤ºä»·æ ¼ã€‚"
"Select Category...","é€‰æ‹©åˆ†ç±»..."
"Select Configurable Attributes ","é€‰æ‹©å?¯é…?ç½®å±žæ€§"
"Select Product...","é€‰æ‹©äº§å“?..."
"Select type of option","é€‰æ‹©é€‰é¡¹ç±»åž‹"
"Select type options required values rows.","é€‰æ‹©éœ€è¦?å€¼çš„é€‰é¡¹ç±»åž‹ã€‚"
"Selected Product Types","é€‰æ‹©äº§å“?ç±»åž‹"
"Send Count","å?‘é€?æ•°é‡?"
"Set Ascending Direction","è®¾ç½®é™?åº?é¡ºåº?"
"Set Descending Direction","è®¾ç½®å?‡åº?é¡ºåº?"
"Set Name","è®¾ç½®å??ç§°"
"Set Root Category for Store","ä¸ºåº—é“ºé€‰æ‹©æ ¹åˆ†ç±»"
"Set root category for this store in the <a href=""%s"">configuration</a>","è¯·åœ¨ <a href=""%s"">é…?ç½®</a>ä¸­ä¸ºæ­¤åº—é“ºè®¾ç½®æ ¹ç›®å½•"
"Set special price","è®¾ç½®ç‰¹æ®Šä»·æ ¼"
"Set/Get current store view","è®¾ç½®/èŽ·å?–å½“å‰?åº—é“ºè§†å›¾"
"Settings","è®¾ç½®"
"Share Facebook","åˆ†äº« Facebook"
"Share on Facebook","åˆ†äº«åˆ° Facebook"
"Share on Twitter","åˆ†äº«åˆ° Twitter"
"Shop By","è´­ç‰©"
"Shopping Options","è´­ç‰©é€‰é¡¹"
"Show","æ˜¾ç¤º"
"Show Details","æ˜¾ç¤ºè¯¦æƒ…"
"Show Tags","æ˜¾ç¤ºæ ‡ç­¾"
"Simple Product","ç®€å?•äº§å“?"
"Site Map","ç«™ç‚¹ç»“æž„å›¾"
"Sitemap","ç«™ç‚¹ç»“æž„å›¾"
"Skip import row, is not valid value ""%s"" for field ""%s""","è·³è¿‡å¯¼å…¥è¡Œï¼Œè¯¥è¡Œä¸?æ˜¯""%s""å­—æ®µçš„æœ‰æ•ˆå€¼""%s"""
"Skip import row, required field ""%s"" for the new customer is not defined.","ç«‹åˆ»è·³è¿‡å¯¼å…¥ï¼Œæ–°é¡¾å®¢æ‰€éœ€çš„ ""%s"" å­—æ®µæœªå®šä¹‰ã€‚"
"Skip import row, the value ""%s"" is invalid for field ""%s""","è·³è¿‡å¯¼å…¥è¡Œï¼Œå€¼ ""%s"" å¯¹äºŽ ""%s"" å­—æ®µæ— æ•ˆ"
"Skipping import row, required field ""%s"" for new products is not defined.","æ­£åœ¨è·³è¿‡å¯¼å…¥çš„è¡Œï¼Œæ–°äº§å“?æ‰€éœ€çš„å­—æ®µ ""%s"" æœªå®šä¹‰ã€‚"
"Skipping import row, required field ""%s"" is not defined.","è·³è¿‡å¯¼å…¥çš„è¡Œï¼Œå¿…é¡»çš„ ""%s"" å­—æ®µæœªå®šä¹‰ã€‚"
"Skipping import row, store ""%s"" field does not exist.","æ­£åœ¨è·³è¿‡å¯¼å…¥è¡Œï¼Œå­˜å‚¨ ""%s"" å­—æ®µä¸?å­˜åœ¨ã€‚"
"Skipping import row, the value ""%s"" is not valid for the ""%s"" field.","è·³è¿‡å¯¼å…¥çš„è¡Œï¼Œ ""%s"" å­—æ®µçš„å€¼ ""%s"" æ— æ•ˆã€‚"
"Some of the processed products have no SKU value defined. Please fill it prior to performing operations on these products.","æŸ?äº›å·²ç»?å¤„ç?†çš„äº§å“?æ— æœ‰æ•ˆSKUå€¼ã€‚è¯·åœ¨é’ˆå¯¹è¿™äº›äº§å“?æ‰§è¡Œæ“?ä½œå‰?é¦–å…ˆå¡«å†™ã€‚"
"Some of the selected item options are not currently available.","éƒ¨åˆ†å·²é€‰æ‹©å•†å“?çš„é€‰é¡¹å½“å‰?ä¸?å?¯ç”¨ã€‚"
"Sort By","åˆ†ç±»ä¾?æ?®"
"Sort Order","æŽ’åº?é¡ºåº?"
"Source Model","æº?åž‹å?·"
"Special Expires On: %s","ç‰¹æ®Šè¿‡æœŸäºŽï¼š %s"
"Special Price:","ç‰¹æ®Šä»·æ ¼ï¼š"
"Special Price: %s","ç‰¹æ®Šä»·æ ¼ï¼š %s"
"Starting at:","å¼€å§‹äºŽï¼š"
"Static","é?™æ€?"
"Static block and products","é?™æ€?åŒºå?—å’Œäº§å“?"
"Static block only","ä»…é?™æ€?åŒºå?—"
"Status","çŠ¶æ€?"
"Stock Availability","åº“å­˜çŠ¶å†µ"
"Store","å•†åº—"
"Store View","åº—é“ºè§†å›¾"
"Stretch","æ‹‰ä¼¸"
"Subscribe to RSS Feed","è®¢é˜…åˆ° RSS æº?"
"Super product attributes configuration","è¶…çº§äº§å“?å±žæ€§é…?ç½®"
"Synonym For","å?Œä¹‰è¯?"
"System Properties","ç³»ç»Ÿå±žæ€§"
"Tag Name","æ ‡ç­¾å??ç§°"
"Tax","ä¼ çœŸ"
"Template","æ¨¡æ?¿"
"Text","æ–‡å­—"
"The Flat Catalog module has a limit of %2\$d filterable and/or sortable attributes. Currently there are %1\$d of them. Please reduce the number of filterable/sortable attributes in order to use this module","å¹³å?¦åˆ†ç±»æ¨¡å?—è¢«é™?åˆ¶ä¸º %2\$d ä¸ªç­›é€‰å™¨å’Œ/æˆ–å?¯æŽ’åº?å±žæ€§ã€‚ç›®å‰?å·²ç»?ä½¿ç”¨äº† %1\$d ä¸ªã€‚ä¸ºäº†ä½¿ç”¨è¯¥æ¨¡å?—ï¼Œè¯·å‡?å°‘æ‰€ç”¨ç­›é€‰å™¨/æŽ’åº?å±žæ€§çš„æ•°é‡?"
"The From Date value should be less than or equal to the To Date value.","èµ·å§‹æ—¥æœŸæ•°å€¼åº”å½“å°?äºŽæˆ–ç­‰äºŽæˆªæ­¢æ—¥æœŸæ•°å€¼ã€‚"
"The attribute code \'%s\' is reserved by system. Please try another attribute code","å±žæ€§ä»£ç ?â€˜%sâ€™å·²è¢«ç³»ç»Ÿé¢„ç•™ã€‚è¯·å°?è¯•å?¦ä¸€ä¸ªå±žæ€§ä»£ç ?"
"The attribute model is not defined","å±žæ€§åž‹å?·æœªå®šä¹‰"
"The attribute set has been saved.","å±žæ€§é›†å·²ä¿?å­˜ã€‚"
"The base directory to upload file is not specified.","æ–‡ä»¶ä¸Šä¼ çš„åŸºæœ¬ç›®å½•å°šæœªæŒ‡å®šã€‚"
"The category has been deleted.","åˆ†ç±»å·²ä¿?å­˜ã€‚"
"The category has been saved.","ç±»åˆ«å·²ä¿?å­˜ã€‚"
"The comparison list was cleared.","æ¯”è¾ƒåˆ—è¡¨è¢«æ¸…ç©ºã€‚"
"The file '%s' for '%s' has an invalid extension","'%s' çš„æ–‡ä»¶ '%s' æ‰©å±•æœ‰è¯¯"
"The file '%s' you uploaded is larger than %s Megabytes allowed by server","æ‚¨ä¸Šä¼ çš„æ–‡ä»¶ 'ï¼…s' å¤§äºŽæœ?åŠ¡å™¨å…?è®¸çš„ ï¼…s å…†"
"The file you uploaded is larger than %s Megabytes allowed by server","æ‚¨ä¸Šä¼ çš„æ–‡ä»¶å¤§äºŽæœ?åŠ¡å™¨æ‰€å…?è®¸çš„ %s å…†å­—èŠ‚"
"The filters must be an array.","è¿‡æ»¤å™¨å¿…é¡»ä¸ºæ•°ç»„ã€‚"
"The image contents is not valid base64 data.","å›¾åƒ?å†…å®¹ä¸?æ˜¯æœ‰æ•ˆçš„ base64 æ•°æ?®ã€‚"
"The image is not specified.","å›¾ç‰‡æœªæŒ‡å®šã€‚"
"The model collection resource name is not defined.","åž‹å?·é›†å?ˆèµ„æº?å??ç§°æœªå®šä¹‰ã€‚"
"The product %s has been added to comparison list.","äº§å“? %s å·²è¢«æ·»åŠ è‡³æ¯”è¾ƒåˆ—è¡¨ã€‚"
"The product %s has been removed from comparison list.","äº§å“? %s å·²ä»Žæ¯”è¾ƒåˆ—è¡¨ä¸­åˆ é™¤ã€‚"
"The product attribute has been deleted.","äº§å“?å±žæ€§å·²è¢«åˆ é™¤ã€‚"
"The product attribute has been saved.","äº§å“?å±žæ€§å·²ä¿?å­˜ã€‚"
"The product has been created.","äº§å“?å·²åˆ›å»ºã€‚"
"The product has been deleted.","äº§å“?å·²è¢«åˆ é™¤ã€‚"
"The product has been duplicated.","äº§å“?å·²å¤?åˆ¶ã€‚"
"The product has been saved.","äº§å“?å·²ä¿?å­˜ã€‚"
"The product has required options","äº§å“?åŒ…å?«å¿…éœ€çš„é€‰é¡¹"
"The review has been deleted","è¯„è®ºå·²è¢«åˆ é™¤"
"The review has been saved.","è¯„è®ºå·²ä¿?å­˜ã€‚"
"The review was removed by another user or does not exist.","è¯„è®ºå·²è¢«å?¦ä¸€ç”¨æˆ·åˆ é™¤ï¼Œæˆ–è¯„è®ºä¸?å­˜åœ¨ã€‚"
"The search was deleted.","æ?œç´¢è¢«åˆ é™¤ã€‚"
"The text is too long","æ–‡æœ¬è¿‡é•¿"
"There are no %s available.","æ²¡æœ‰å?¯ç”¨çš„ %sã€‚"
"There are no customers for this alert","æ²¡æœ‰å®¢æˆ·é€‚ç”¨äºŽæ­¤æ??é†’"
"There are no customers for this alert.","æ²¡æœ‰å®¢æˆ·é€‚ç”¨äºŽæ­¤æ??é†’ã€‚"
"There are no products matching the selection.","æ²¡æœ‰äº§å“?åŒ¹é…?è¯¥é€‰æ‹©ã€‚"
"There was an error while request processing.","å¤„ç?†è¯·æ±‚æ—¶é?‡åˆ°äº†é”™è¯¯ã€‚"
"This Attribute no longer exists","è¯¥å±žæ€§å·²ä¸?å­˜åœ¨"
"This attribute cannot be deleted.","è¯¥å±žæ€§æ— æ³•è¢«åˆ é™¤ã€‚"
"This attribute cannot be edited.","è¯¥å±žæ€§æ— æ³•ç¼–è¾‘ã€‚"
"This attribute cannot be updated.","è¯¥å±žæ€§æ— æ³•æ›´æ–°ã€‚"
"This attribute is used in configurable products.","è¯¥å±žæ€§å·²ç”¨äºŽå?¯é…?ç½®äº§å“?ã€‚"
"This attribute is used in configurable products. You cannot remove it from the attribute set.","è¯¥å±žæ€§ç”¨äºŽå?¯é…?ç½®çš„äº§å“?ã€‚æ‚¨æ— æ³•ä»Žå±žæ€§é›†ä¸­å°†å…¶åˆ é™¤ã€‚"
"This attribute no longer exists","è¯¥å±žæ€§ä¸?å­˜åœ¨"
"This attribute set no longer exists.","è¯¥å±žæ€§å·²ä¸?å­˜åœ¨ã€‚"
"This group contains attributes, used in configurable products. Please move these attributes to another group and try again.","è¯¥ç¾¤ç»„åŒ…å?«ç”¨äºŽå?¯é…?ç½®äº§å“?çš„å±žæ€§ã€‚è¯·ç§»åŠ¨è¿™äº›å±žæ€§åˆ°å?¦ä¸€ç¾¤ç»„å¹¶é‡?è¯•ã€‚"
"This group contains system attributes. Please move system attributes to another group and try again.","è¯¥ç¾¤ç»„åŒ…å?«ç³»ç»Ÿå±žæ€§ã€‚è¯·ç§»åŠ¨ç³»ç»Ÿå±žæ€§åˆ°å?¦ä¸€ç¾¤ç»„å¹¶é‡?è¯•ã€‚"
"This is a required option","è¿™æ˜¯å¿…é€‰çš„é€‰é¡¹"
"This product no longer exists.","è¯¥äº§å“?å·²ä¸?å­˜åœ¨ã€‚"
"This search no longer exists.","è¯¥æ?œç´¢å·²ä¸?å­˜åœ¨ã€‚"
"This setting will be applied when all prices in the specific price interval are equal.","å¦‚æžœæŒ‡å®šä»·æ ¼é—´éš”çš„æ‰€æœ‰ä»·æ ¼éƒ½ç›¸ç­‰ï¼Œå°†åº”ç”¨è¯¥è®¾ç½®ã€‚"
"Tier Pricing","å±‚çº§ä»·æ ¼"
"Tile","å¹³é“º"
"Time Format","æ—¶é—´æ ¼å¼?"
"Title","æ ‡é¢˜"
"To reindex the enabled product(s), the store or product must be specified","è¦?å¯¹å·²å?¯ç”¨çš„äº§å“?é‡?æ–°ç´¢å¼•ï¼Œå¿…é¡»æŒ‡å®šå•†åº—æˆ–äº§å“?"
"To see product price, add this item to your cart. You can always remove it later.","è¦?æŸ¥çœ‹äº§å“?ä»·æ ¼ï¼Œè¯·æ·»åŠ è¯¥é¡¹ç›®åˆ°æ‚¨çš„è´­ç‰©è½¦ã€‚æ‚¨æ€»æ˜¯å?¯ä»¥ç¨?å?Žåˆ é™¤å®ƒã€‚"
"Top/Left","é¡¶éƒ¨/å·¦ä¾§"
"Top/Right","é¡¶éƒ¨/å?³ä¾§"
"Total Qty Base Items","æ€»æ•°é‡? åŸºç¡€é¡¹ç›®"
"Total Qty Content Items","å†…å®¹é¡¹æ€»æ•°"
"Total incl. Tax: %1$s","å?«ç¨Žæ€»é¢?ï¼š%1$s"
"Total of %d record(s) have been deleted.","æ€»å…±%dè®°å½•å·²è¢«åˆ é™¤ã€‚"
"Total of %d record(s) have been updated.","æ€»å…±%dè®°å½•å·²è¢«æ›´æ–°ã€‚"
"Total of %d record(s) were updated","å…±æ›´æ–° %d æ?¡è®°å½•"
"Type","ç±»åž‹"
"URL Rewrite Management","URLé‡?å†™ç®¡ç?†"
"Unable to complete this request.","æ— æ³•å®Œæˆ?è¯¥è¯·æ±‚ã€‚"
"Unable to find a search term to delete.","æ— æ³•æ‰¾åˆ°æ?œç´¢è¯?æ?¥åˆ é™¤ã€‚"
"Unable to find an attribute to delete.","æ— æ³•æ‰¾åˆ°è¦?åˆ é™¤çš„å±žæ€§ã€‚"
"Unable to get the product ID.","æ— æ³•èŽ·å¾—äº§å“? IDã€‚"
"Unassigned Attributes","æœªåˆ†é…?çš„å±žæ€§"
"Unknown EAV indexer type ""%s"".","æœªçŸ¥ EAV ç´¢å¼•ç±»åž‹ ""%s"" ã€‚"
"Unknown attribute: %s.","æœªçŸ¥å±žæ€§ï¼š%sã€‚"
"Unsupported product type ""%s"".","ä¸?æ”¯æŒ?çš„äº§å“?ç±»åž‹ ""%s""ã€‚"
"Up-sells","è¶…å”®"
"Update","æ›´æ–°"
"Update Attributes","æ›´æ–°å±žæ€§"
"Update Tier Price","æ›´æ–°å±‚çº§ä»·æ ¼"
"Update assigned product","æ›´æ–°åˆ†é…?çš„äº§å“?"
"Update attribute","æ›´æ–°å±žæ€§"
"Update attributes","æ›´æ–°å±žæ€§"
"Update category","æ›´æ–°ç±»åˆ«"
"Update custom option of product","æ›´æ–°äº§å“?çš„è‡ªå®šä¹‰é€‰é¡¹"
"Update product","æ›´æ–°äº§å“?"
"Update product image","æ›´æ–°äº§å“?å›¾åƒ?"
"Update product link","æ›´æ–°äº§å“?é“¾æŽ¥"
"Update product tier prices","æ›´æ–°äº§å“?å±‚ä»·æ ¼"
"Update value of custom option","æ›´æ–°è‡ªå®šä¹‰é€‰é¡¹çš„å€¼"
"Upload new product image ","ä¸Šä¼ æ–°äº§å“?å›¾ç‰‡"
"Use Canonical Link Meta Tag For Categories","ç±»åˆ«ä½¿ç”¨è§„èŒƒé“¾æŽ¥ Meta æ ‡ç­¾"
"Use Canonical Link Meta Tag For Products","ä¸ºäº§å“?ä½¿ç”¨æ ‡å‡†çš„é“¾æŽ¥å…ƒæ•°æ?®æ ‡ç­¾"
"Use Categories Path for Product URLs","äº§å“? URL ä½¿ç”¨åˆ†ç±»è·¯å¾„"
"Use Config Settings","ä½¿ç”¨é…?ç½®è®¾ç½®"
"Use Default Value","ä½¿ç”¨é»˜è®¤å€¼"
"Use Flat Catalog Category","ä½¿ç”¨å¹³é?¢ç›®å½•äº§å“?åˆ†ç±»"
"Use Flat Catalog Product","ä½¿ç”¨å¹³é?¢ç›®å½•äº§å“?"
"Use In Layered Navigation","ä½¿ç”¨åˆ†å±‚å¯¼èˆª"
"Use In Search Results Layered Navigation","ä½¿ç”¨æ?œç´¢ç»“æžœå†…å±‚æ¬¡å¯¼èˆª"
"Use JavaScript Calendar","ä½¿ç”¨ JavaScript æ—¥åŽ†"
"Use Static URLs for Media Content in WYSIWYG for Catalog","ä¸ºåˆ†ç±»çš„æ‰€è§?å?³æ‰€å¾—ç¼–è¾‘ä¸­çš„åª’ä½“å†…å®¹ä½¿ç”¨é?™æ€?URL"
"Use To Create Configurable Product","ç”¨äºŽåˆ›å»ºå?¯é…?ç½®çš„äº§å“?"
"Use Tree Like Category Sitemap","ä½¿ç”¨æ ‘å½¢åˆ†ç±»ç«™ç‚¹åœ°å›¾"
"Use config","ç”¨æˆ·é…?ç½®"
"Use default","ä½¿ç”¨é»˜è®¤"
"Use for Promo Rule Conditions","ä½¿ç”¨ä¿ƒé”€è§„åˆ™æ?¡ä»¶"
"Use four-digit year format.","ä½¿ç”¨å››ä½?å¹´ä»½æ ¼å¼?ã€‚"
"Use in Advanced Search","ä½¿ç”¨é«˜çº§æ?œç´¢"
"Use in Layered Navigation","ç”¨åœ¨å±‚æ¬¡å¼?å¯¼èˆªä¸­"
"Use in Layered Navigation<br/>(Can be used only with catalog input type 'Dropdown')","ä½¿ç”¨åˆ†å±‚å¯¼èˆª<br/>ï¼ˆä»…åœ¨åˆ†ç±»è¾“å…¥ç±»åž‹ä¸ºâ€œä¸‹æ‹‰â€?æ—¶ä½¿ç”¨ï¼‰"
"Use in Quick Search","ä½¿ç”¨å¿«é€Ÿæ?œç´¢"
"Used for Sorting in Product Listing","åœ¨äº§å“?åˆ—è¡¨ä¸­ä½¿ç”¨æŽ’åº?"
"Used in Product Listing","ç”¨äºŽäº§å“?æ¸…å?•"
"Value for ""%s"" is invalid.","""%s"" çš„å€¼æ— æ•ˆã€‚"
"Value for ""%s"" is invalid: %s","""%s"" çš„å€¼æ˜¯æ— æ•ˆçš„ï¼š %s"
"Varchar","å?¯å?˜é•¿å­—ç¬¦ä¸²"
"View Details","æŸ¥çœ‹è¯¦æƒ…"
"View as","æŸ¥çœ‹ä¸º"
"Virtual Product","è™šæ‹Ÿäº§å“?"
"Visibility","å?¯è§?æ€§"
"Visible","å?¯è§?"
"Visible on Catalog Pages on Front-end","å‰?ç«¯åˆ†ç±»é¡µé?¢çš„å?¯è§?æ€§"
"Visible on Product View Page on Front-end","åœ¨å‰?ç«¯äº§å“?è§†å›¾é¡µé?¢å?¯è§?"
"WYSIWYG Editor","æ‰€è§?å?³æ‰€å¾—ç¼–è¾‘å™¨"
"Watermark","æ°´å?°"
"Watermark Default Size","æ°´å?°é»˜è®¤å¤§å°?"
"Watermark Opacity, Percent","æ°´å?°ä¸?é€?æ˜Žåº¦ï¼Œç™¾åˆ†æ¯”"
"Watermark Position","æ°´å?°ä½?ç½®"
"We Also Recommend","æˆ‘ä»¬å?Œæ—¶æŽ¨è??"
"Website","ç½‘ç«™"
"Website Item Must be checked","ç½‘ç«™é¡¹ç›®å¿…é¡»æ£€æŸ¥"
"Website Store Must be checked","ç½‘ç«™åº—é“ºå¿…é¡»è¢«é€‰ä¸­"
"Websites","ç½‘ç«™"
"What's this?","è¿™æ˜¯ä»€ä¹ˆï¼Ÿ"
"Whether to show ""All"" option in the ""Show X Per Page"" dropdown.","æ˜¯å?¦åœ¨â€œæ¯?é¡µæ˜¾ç¤º X ä¸ªâ€?ä¸‹æ‹‰è?œå?•ä¸­æ˜¾ç¤ºâ€œå…¨éƒ¨â€? é€‰é¡¹ã€‚"
"Will make search for the query above return results for this search.","æ‰§è¡Œä¸Šè¿°æŸ¥è¯¢çš„æ?œç´¢æ˜¯å?¦è¿”å›žè¯¥æ?œç´¢çš„ç»“æžœã€‚"
"Wrong BuyRequest instance in options group.","é€‰é¡¹ç»„ä¸­é”™è¯¯çš„è´­ä¹°è¯·æ±‚å®žä¾‹ã€‚"
"Wrong configuration item instance in options group.","é€‰é¡¹ç»„ä¸­é”™è¯¯çš„é…?ç½®é¡¹ç›®å®žä¾‹ã€‚"
"Wrong configuration item option instance in options group.","é€‰é¡¹ç»„ä¸­å­˜åœ¨é”™è¯¯é…?ç½®é¡¹ç›®é€‰é¡¹çš„å®žä¾‹ã€‚"
"Wrong option instance type in options group.","é€‰é¡¹ç»„ä¸­é”™è¯¯çš„é€‰é¡¹å®žä¾‹ç±»åž‹ã€‚"
"Wrong option type to get group instance.","é”™è¯¯çš„é€‰é¡¹ç±»åž‹æ?¥èŽ·å¾—ç¾¤ç»„å®žä¾‹ã€‚"
"Wrong product instance type in options group.","é€‰é¡¹ç»„ä¸­é”™è¯¯çš„äº§å“?å®žä¾‹ç±»åž‹ã€‚"
"Wrong product type filter specified","é”™è¯¯çš„å·²æŒ‡å®šäº§å“?ç±»åž‹è¿‡æ»¤å™¨"
"Wrong product type to extract configurable options.","é”™è¯¯çš„äº§å“?ç±»åž‹æ?¥æ??å?–å?¯é…?ç½®é€‰é¡¹ã€‚"
"Year Range","å¹´ä»½èŒƒå›´"
"Yes","æ˜¯"
"You cannot remove system attribute from this set.","æ‚¨æ— æ³•ä»Žæ­¤é›†å?ˆä¸­ç§»é™¤ç³»ç»Ÿå±žæ€§ã€‚"
"You have no items to compare.","æ‚¨æ²¡æœ‰å?¯æ¯”è¾ƒçš„é¡¹ç›®ã€‚"
"You may also be interested in the following product(s)","æ‚¨è¿˜å?¯èƒ½å¯¹ä¸‹åˆ—äº§å“?æ„Ÿå…´è¶£"
"Zoom In","æ”¾å¤§"
"Zoom Out","ç¼©å°?"
"and","å’Œ"
"and above","å?Šä»¥ä¸Š"
"categories","ç±»åˆ«"
"each","æ¯?ä¸ª"
"ex. http://domain.com","ä¾‹å¦‚ http://domain.com"
"leave blank if its not an image","å¦‚æžœé?žå›¾ç‰‡è¯·ç•™ç©º"
"per page","æ¯?é¡µ"
"products","äº§å“?"
"px.","åƒ?ç´ "
"save","ä¿?å­˜"
"select all","å…¨é€‰"
"unselect all","æ’¤é”€å…¨é€‰"
"x","x"
"View Cart","æŸ¥çœ‹è´­ç‰©è½¦"
"Quick View","å¿«é€ŸæŸ¥çœ‹"
"Go To Shopping Cart","è¿›å…¥è´­ç‰©è½¦"
"More...","æ›´å¤š..."
